Customer ID,Customer Name,RPMX
1217369442,บริษัท เอ็น.พี.มูฟวิ่ง เม้นเน็จเม้นท์ จำกัด,RPMX
1217375882,บริษัท เดอะ ซีเคร็ต ฟาร์ม จำกัด (สำนักงานใหญ่),RPMX
1217375884,บริษัท เดอะ ซีเคร็ต ฟาร์ม จำกัด (สำนักงานใหญ่),RPMX
1217375843,บริษัท เชลซี วิลล่า จํากัด,RPMX
1125804,บริษัท ไทยเมกะ คอเปอเรชั่น จํากัด,RPMX
1216900373,บริษัท พิกซิส กรุ๊ป จํากัด,RPMX
1216901531,บริษัท โซ ซีเคียวริตี้ ซีสเต็ม จำกัด(สำนักงานใหญ่),RPMX
1216917885,บริษัท ที.ซี.เจ.เอเซีย จำกัด (มหาชน),RPMX
1216919064,somluck j,RPMX
1216921888,บริษัท แทส ออโต้เทค จํากัด,RPMX
1216942950,เทิร์นนิ่ง ช็อป บจก.,RPMX
1216952288,"บริษัท เอส.เอส.ฟอร์จูนเทรด จํากัด, บริษัท คลองถมดีเวลล็อปเม้นท์ จำกัด (สำนักงานใหญ่)",RPMX
1216957111,บริษัท ธนาคูณกรุงเทพ(2001) จำกัด,RPMX
1216957299,บจ.เค.เอ็ม. แพ็กเกจจิ้ง,RPMX
1216961753,บริษัท ศรีจุลทรัพย์ จํากัด (สํานักงานใหญ่),RPMX
1216962759,บริษัท ฟลูอิด จํากัด,RPMX
1216969329,บริษัท เอ็นเอ็นเอ็น บัญชีและธุรกิจ จํากัด,RPMX
1216974078,บริษัท ไทยพอลลูเทค แมชชินเนอรี่ จํากัด (สํานักงานใหญ่),RPMX
1216980564,คุณนุ้ย -,RPMX
1217050034,บริษัท สกรีน แอนด์ แพท พริ้นเตอร์ จำกัด,RPMX
1217086063,"หจก.ชำนาญกิจ ร้อยเอ็ด, ห้างหุ้นส่วนจำกัด ชำนาญกิจ",RPMX
1217108707,กัลยา ขำเนตร,RPMX
1217113848,คุณประภา คงภักดี,RPMX
1217115670,บริษัท เอสดีทีวาย เซอร์วิส จำกัด (สำนักงานใหญ่),RPMX
1217130397,คุณสุุกัญญา เจ๊ะเอ็ม,RPMX
1217139779,บริษัท สามเอ็ม คลีนนิ่ง เซอร์วิส จำกัด,RPMX
1217156890,บ้านรัตนโกสินทร์,RPMX
1217161972,หมอเอ๋,RPMX
1217180246,พิมวรินทร์ เยาวรัตน์,RPMX
1217199472,"บริษัท แม็ค มอเตอร์ เซอร์วิส เซ็นเตอร์ จํากัด, บริษัท มิน เมคคานิคอล จำกัด",RPMX
1217213195,ร้าน Marnnedesign,RPMX
1217219445,บริษัท เอเอ็ม ออดิท แอนด์ แอสโซซิเอท จํากัด,RPMX
1217249000,Siri Residence Group,RPMX
1217305060,คุณไชยรัตน์ เดชไกรศักดิ์,RPMX
1217333226,Sodsai House Clinic,RPMX
1217343583,บริษัท ธนสารอินเตอร์ จำกัด,RPMX
1217359444,ป่าน,RPMX
1217370959,บริษัท นาโน สเปซ จำกัด,RPMX
1217371013,บริษัท เดอะโปรอิมเมจ (ไทยแลนด์) จำกัด,RPMX
1217371017,หจก.ไซด์ไลน์วิศวกรรม (2002),RPMX
1217371023,บริษัท ที.อาร์.ทัวร์(1993) จำกัด,RPMX
1217375834,บริษัท รีเบคก้า กรุ๊ป จำกัด,RPMX
1217375856,ทิปโก้แอสฟัลท์ บมจ.,RPMX
1217375861,บริษัท แสนสิริ การพานิช จำกัด (สำนักงานใหญ่),RPMX
1217375862,บริษัท เนาวพัฒน์ แมชชีนเนอร์รี่,RPMX
1217375880,"WTC COMPUTER CO., LTD",RPMX
1217377814,บุญเที่ยง สมบูรณ์,RPMX
1217383053,ห้างหุ้นส่วนจำกัดอีดี ชัตเตอร์ แอนด์ เซอร์วิส,RPMX
1217383584,บริษัท โปร สแตมป์ คอนกรีต จำกัด,RPMX
1217377353,ไปรษณีย์ไทย จำกัด - สำนักงานใหญ่,RPMX
1217378166,บริษัท เดอะ ซีเคร็ต ฟาร์ม จำกัด (สำนักงานใหญ่),RPMX
1217378734,การประปานครหลวง,RPMX
1217379285,บริษัท เดอะ ซีเคร็ต ฟาร์ม จำกัด (สำนักงานใหญ่),RPMX
1217379324,ไปรษณีย์ไทย จำกัด - สำนักงานใหญ่,RPMX
1217381177,การประปานครหลวง,RPMX
1216949088,บริษัท ศรีราชามงคลชัย จํากัด,RPMX
1217259492,ภานุรุจ,RPMX
1217259492,ภานุรุจ เดชาธนโฆสิต,RPMX
1217369446,ห้างหุ้นส่วนจำกัด มิกซ์ บี.เจ,RPMX
1217369452,ประสิทธิ์ เลิศศิริรัตนกุล,RPMX
1217154773,บริษัท เจ. เอส. พี. พร็อพเพอร์ตี้ จากัด (มหาชน),RPMX
1216988383,"wtc computer co.,ltd",RPMX
1217349330,บริษัท ไทยเปเปอร์คาร์ตอนส์ จำกัด,RPMX
1217349330,บริษัท ไทยเปเปอร์คาร์ตอนส์ จำกัด,RPMX
121011439,บริษัท คาซ่า วิลล์ (ระยอง 2553) จำกัด,RPMX
1216935753,บริษัท ไบรท์ ดีเวลลอปเมนท์ กรุงเทพ จำกัด,RPMX
1216935753,บริษัท พร็อพเพอร์ตี้ เพอร์เฟค จำกัด (มหาชน),RPMX
1217222784,บริษัท ไปรษณีย์ไทย จำกัด,RPMX
105549138793,บริษัท สเก็ตเชอร์ส (ไทยแลนด์) จำกัด,RPMX
1123814,บริษัท ศรีไทยซุปเปอร์แวร์ จำกัด (มหาชน),RPMX
113125383,บริษัท วงษ์ อินเวนชั่น จำกัด,RPMX
113126488,บริษัท บุญรอดเทรดดิ้ง จำกัด,RPMX
113126488,บริษัท บุญรอดเทรดดิ้ง จำกัด (สำนักงานใหญ่),RPMX
1216935219,บริษัท นิรันดร์พลาซ่า จำกัด,RPMX
1216935219,บริษัท อินฟินิท เรียลเอสเตท จำกัด,RPMX
1216952109,บริษัท ซีส์ เทรด จำกัด,RPMX
1216952109,บริษัท ซีส์ เทรด จำกัด (สำนักงานใหญ่),RPMX
1216964362,บจก.เฮเฟเล่ (ประเทศไทย) สำนักงานใหญ่,RPMX
1216967250,บริษัท เทคโนเซล (เฟรย์) จำกัด,RPMX
1217011439,บริษัท กัสโต้ วิลเลจ จำกัด,RPMX
1217011439,บริษัท ควอลิตี้เฮ้าส์ จำกัด (มหาชน),RPMX
1217011439,บริษัท คาซ่า วิลล์ (ชลบุรี 2554) จำกัด,RPMX
1217011439,บริษัท คาซ่า วิลล์ (ระยอง 2553) จำกัด,RPMX
1217011439,บริษัท คาซ่า วิลล์ จำกัด,RPMX
1217011439,บริษัท เดอะ คอนฟิเด้นซ์ จำกัด,RPMX
1217077707,บริษัท พรสันติ จำกัด (สำนักงานใหญ่),RPMX
1217077707,บริษัท แอล.พี.เอ็น. ดีเวลลอปเมนท์ จำกัด (มหาชน),RPMX
1217077707,บริษัท แอล.พี.เอ็น.ดีเวลลอปเมนท์ จํากัด (มหาชน),RPMX
1120356,เบญจวรรณ,RPMX
1121476,คุณปิยะพร,RPMX
1122707,ห้างหุ้นส่วนจำกัด อุตสาหกรรมบางกอกไฟเบอร์กลาส,RPMX
1125045,บริษัท ทิพย์โฮลดิ้ง จำกัด,RPMX
113115369,บริษัท คอมพลีทเอ็ดดูเคชั่น แอนด์ ทัวร์ริ่ง ออสเตรเลีย (ไทยแลนด์) จำกัด,RPMX
113115993,บริษัท ไฟฟ้าอุตสาหกรรม จำกัด,RPMX
113116294,คุณติ๋ม,RPMX
113117879,ร้าน พี.เอส.เอ็น พริ้นติ้ง,RPMX
113118672,บริษัท ยูนีเวอร์สบิวตี้ จำกัด,RPMX
113120200,บริษัท ศูนย์ความคิดสร้างสรรค์ จํากัด,RPMX
113121594,บริษัท นารายณ์แพค จำกัด,RPMX
113125293,บริษัท โปรเกรส อีเล็คโทรนิค จำกัด,RPMX
1216903193,บริษัท อ่าวนางวิลล์ จำกัด,RPMX
1216906018,supitcha thephasdin na ayudhya,RPMX
1216907915,บริษัท อีเอ็มเอ เทรดดิ้ง จำกัด,RPMX
1216908061,บริษัท เอสเทล จํากัด,RPMX
1216915579,บริษัท ไทยแอมโน อินเตอร์เนชั่นแนล จํากัด,RPMX
1216920783,บริษัทเอคคอส (ประเทศไทย) จำกัด,RPMX
1217382304,บริษัท โปรเจคเตอร์ เวิล์ด จำกัด (สำนักงานใหญ๋),RPMX
1216922423,บจก.ออลแพค(ไทยแลนด์),RPMX
1216922659,บริษัท ซันควอลิตี้ อินดัสทรีส์ จำกัด,RPMX
1216926666,chaowarit rattanamatmongkhon,RPMX
1216927930,เดอะ คัลเลอร์ ลิฟวิ่ง,RPMX
1216934820,ธนาคารกรุงศรีอยุธยา จำกัด (มหาชน),RPMX
1216936169,บริษัท วินวิน แพคเกจจิ้ง จำกัด,RPMX
1216940209,บริษัท ไบโอเซฟเฟอร์ จํากัด,RPMX
1216943382,เล็ก,RPMX
1216946985,บริษัท คริสตัลวิว วินโดว์ แอนด์ดอร์ จำกัด,RPMX
1216953044,ตลาดหลักทรัพย์แห่งประเทศไทย (สำนักงานใหญ่),RPMX
1216953370,รุ่งเรืองสยาม ซูมิคอน บจก.,RPMX
1216955015,บริษัท ดิจิตอล สเกล และ เอ็นจิเนียริ่ง จำกัด,RPMX
1216956357,บริษัท ออสตรอม จำกัด,RPMX
1216956852,บริษัทเอ็น.พี.มูฟเวอร์ส แมนเน็จเม้นท์ จำกัด,RPMX
1216960074,บริษัท ดีไซน์ ออลเทอร์เนทีฟ จำกัด,RPMX
1216960274,บริษัท บิวตี้ คอมมูนิตี้ จำกัด (มหาชน),RPMX
1216960410 MX,บริษัท นัมเบอร์วันเฮ้าส์ซิ่ง ดิเวลลอปเม้นท์ จำกัด,RPMX
1216960967,บริษัท ทีเอสที อินเตอร์ โปรดักส์ จํากัด,RPMX
1216963499,บริษัท ไพจิตร ซิสเท็ม แอนด์ เอ็นจิเนียริ่ง จํากัด,RPMX
1216963540,บริษัท บิวท์ เมทอล จำกัด,RPMX
1216963973,บริษัท ทริปเปิ้ลไนน์ออโต้เพลส์ จำกัด,RPMX
1216966391,บริษัท ยูนิคแฟชั่น จํากัด,RPMX
1216969023,ห้างหุ้นส่วนจำกัด เอส.ซี. โปรไฟร์,RPMX
1216969633,คุณนริศรา -,RPMX
1216970705,บริษัท ปภังกรชาวเวอร์ จํากัด,RPMX
1216971157,บริษัท กู๊ดเท็มพ์ จํากัด,RPMX
1216973470,บริษัท เอส เอ็ม มีเดีย กรุ๊ป จำกัด,RPMX
1216974417,บริษัท แอบปอน จำกัด,RPMX
1216975709,บริษัท พูนสิน เคเบิล จำกัด,RPMX
1216976693,อัมพร สุวรรณไชยรัตน์,RPMX
1216981103,ลำดวน,RPMX
1216982222,บริษัท วังทองกรุ๊ป จํากัด (มหาชน),RPMX
1216982675,บริษัท คนสร้างบ้าน โปรดักชั่น จำกัด,RPMX
1216983720,ห้างหุ้นส่วนจำกัด ชฎิลเอ็นเตอร์ไฟรล์,RPMX
1216984885,ร้านโชคนำศิลป์ (2009),RPMX
1216986114,บริษัท ซิทโตะ ชากรุ๊ป เคที จำกัด,RPMX
1216986347,บริษัท เอคคอส (ประเทศไทย) จํากัด,RPMX
1216986506,บริษัท แอ็ดวานซ์ ซี.ที. เอ็นจิเนียริ่ง จำกัด,RPMX
1216986990,บริษัท บลูคอฟ จำกัด,RPMX
1216987115,บริษัท มาสเตอร์ คาลิเบรชั่น จํากัด,RPMX
1216988193,บริษัท ดุสิต ชัตเตอร์ แอนด์ คอนสตรัคชั่น จำกัด,RPMX
1216988345,ห้างหุ้นส่วนจำกัด ไรท์ เพสท์ เทค,RPMX
1216992259,พิชัย พิทักษ์นราธรรม,RPMX
1216993364,บริษัท บีเจเจ พลสุวรรณ เอ็นเตอร์ไพรส์ จำกัด,RPMX
1216995520,บริษัท ยูเนี่ยนเบ็ลท์อินดัสตรี้ส์ จำกัด,RPMX
1216996017,บริษัท แอ็มมิตี้ โบฮาน จำกัด,RPMX
1217002186,บริษัท สำนักงาน กฎหมายและทนายความ ธรรศปพน ผดุงธรรมประชา จำกัด,RPMX
1217004421,บริษัท อาร์ ที ไวส์ คอนโทรลส์ จํากัด,RPMX
1217012623,บริษัท เพลย์ แอน เลอน จำกัด,RPMX
1217017577,ชัยวัฒน์,RPMX
1217018516,บริษัท พีซแอนด์ลีฟวิ่ง จํากัด,RPMX
1217028521,บริษัท iss consulting(thailand)ltd จำกัด,RPMX
1217028521,บริษัท ไอเอสเอส คอนซัลติ้ง (ประเทศไทย) จำกัด,RPMX
1217029991,บริษัท เค.ที.ที. อินเตอร์ (ไทยแลนด์) จำกัด,RPMX
1217046880,สุเนตร นิติเจริญพงศ์,RPMX
1217052118,ภัทราวุธ คลินิก,RPMX
1217058810,ร้าน เค.เจ. โมดิฟาย,RPMX
1217060281,บริษัท พารากอน คาร์ เรนทัล จำกัด,RPMX
1217060764,ห้างหุ้นส่วนจำกัด วานิไทย,RPMX
1217062878,บริษัท เฉินฟง (ประเทศไทย) จำกัด,RPMX
1217072829,วิรินทร์ญา,RPMX
1217074224,บริษัท ธนาคารยูโอบี จำกัด (มหาชน),RPMX
1217074750,บริษัท เอ็นอาร์ โพลีคาร์บอเนต แอนด์ สเตนเลส จํากัด,RPMX
1217075484,แจ็ค,RPMX
1217081299,กัญญาภัทร ภาระเวช,RPMX
1217090700,อุมาภรณ์,RPMX
1217100187,โรงแรม รามาด้า ภูเก็ต ดีวาน่า,RPMX
1217102394,บริษัท ฟีนิกซ์ วอลล์เปเปอร์ (ประเทศไทย) จํากัด,RPMX
1217102499,วงศกร,RPMX
1217112743,บริษัท ไทย มัลติพลาย จำกัด,RPMX
1217114457,นิต นิต,RPMX
1217115482,บริษัท เน็กซ์วิชั่น เทคโนโลยี จำกัด,RPMX
1217119853,บริษัท โพรดิจี้ โซลูชั่น จำกัด,RPMX
1217120759,คุณธนาศักดิ์,RPMX
1217121576,นก นก,RPMX
1217133433,บริษัท เฉียวฟู (ไทยแลนด์) จํากัด,RPMX
1217134800,คุณพิสุทธิ์ พิริยเลิศศักดิ์,RPMX
1217139297,golffeeshop,RPMX
1217143492,ดาว,RPMX
1217146412,บริษัท เฮลท์ เฮิร์บ เซ็นเตอร์ จำกัด,RPMX
1217147369,บริษัท เพ็น เท็นส์ จํากัด,RPMX
1217150146,บริษัท อาทิตย์ ครุภัณฑ์การแพทย์ จำกัด,RPMX
1217157726,บริษัท เอจีซี อินโนเวชั่น เอ็นจิเนียริ่ง จำกัด,RPMX
1217159505,บริษัท บางเดื่อคอนกรีต จํากัด,RPMX
1217161072,บริษัท แจ้งวัฒนะคอนกรีต จํากัด,RPMX
1217163338,หจก.เอ็มเอ 1020 การช่าง,RPMX
1217164304,บริษัท อินเทค 2000 จำกัด,RPMX
1217171886,บจก.จีทูพี อินเตอร์ เทรดดิ้ง,RPMX
1217172218,บริษัท สยามแอ็พพลิเคเตอรส์ จํากัด,RPMX
1217178796,บริษัท ซุ่นหลีมหาชัย (1991) จำกัด,RPMX
1217179120,บริษัทพรกมลฟิตเนสแอนด์เซอร์วิส จำกัด,RPMX
1217186538,บริษัท เอิร์ธแคร์ จำกัด,RPMX
1217186538,บริษัท เอิร์ธแคร์ จำกัด(สำนักงานใหญ่),RPMX
1217193182,บริษัท ยูเนี่ยน บอส จํากัด,RPMX
1217196227,บจก. พาโนราม่า พร็อพเพอร์ตี้ บจก.,RPMX
1217198175,คุณน้ำ,RPMX
1217201974,บริษัท โรงพยาบาลฟันทองหล่อ จำกัด,RPMX
1217210416,บริษัท นิวสเต็ป เอ็กซ์เชนจ์ โปรแกรม จํากัด,RPMX
1217212902,ห้างหุ้นส่วนจํากัด อี.ซี.โอ กีอปปี้ ออโตเมชั่น,RPMX
1217215751,บริษัท วังวาณิช ซัพพลาย จำกัด,RPMX
1217217254,ธีระยุทธ์,RPMX
1217218766,ห้างหุ้นส่วนจำกัด พันทวี ออโต้ มาสเตอร์,RPMX
1217221043,บริษัท เอส.เค.ซิสเท็มส์ จำกัด (สำนักงานใหญ่),RPMX
1217224096,แฟ็ค เอ็นเตอร์ไพรส์ หจก.,RPMX
1217227558,คุณวินัย แตงไทย,RPMX
1217231334,บริษัท ยูนิจี จำกัด,RPMX
1217236349,บริษัท วินแทลสตีล จำกัด,RPMX
1217250844,บริษัท ไนน์ตี้ไนน์ เอสเตท จำกัด,RPMX
1217254741,บริษัท จีทีเอ็ม จำกัด,RPMX
1217256610,บริษัท พาธแล็บ (ประเทศไทย) จํากัด,RPMX
1217259430,การประปานครหลวง (อาคารสำนักงานใหญ่),RPMX
1217266110,บริษัท เบลแพ็ค จํากัด,RPMX
1217269424,บริษัท ทีเค ไทย เอ็นจิเนียร์ จํากัด,RPMX
1217283002,ออฟ ออฟ,RPMX
1217287962,บริษัท เคดีเอ็น จำกัด (สำนักงานใหญ่),RPMX
1217288715,บริษัท เจซีเค อินเตอร์เนชั่นแนล จำกัด (มหาชน),RPMX
1217288715,บริษัท ไทยพัฒนาโรงงานอุตสาหกรรม จำกัด(มหาชน),RPMX
1217294697,บริษัท เอ็มเอ็มเอ ซิเคียวริตี้ ซีล (ประเทศไทย) จํากัด,RPMX
1217305078,บริษัท ภูเก็ต แกรนด์ รีสอร์ท จำกัด,RPMX
1217306974,คุณ แก้ว,RPMX
1217308746,คุณฉัตร์ธรินทร์ ชัยชุมพร,RPMX
1217309703,บริษัท ธรรมธร เอสเธติคส์ จำกัด,RPMX
1217322774,โรงพยาบาล เขลางค์นคร จํากัด,RPMX
1217324573,คุณศราวุธ อุรา,RPMX
1217331831,บริษัท ดิจิตอล คาลิเบรชั่น จำกัด,RPMX
1217333878,บริษัท แผ่นดินทอง พร็อพเพอร์ตี้ ดีเวลลอปเม้นท์ จำกัด (มหาชน),RPMX
1217334881,คุณณัฐพล,RPMX
1217334931,บริษัท ไคโตะ จํากัด,RPMX
1217341223,คุณวันชัย หวังเเลกกลาง,RPMX
1217341231,sawatrodrub jang,RPMX
1217341635,โศภิต เลิศสมิทวงศ์,RPMX
1217345068,อรอนงค์ ชีวะเจริญ,RPMX
1217345625,ร้านแม็คสเตชั่น,RPMX
1217347071,อาจารย์,RPMX
1217347347,คุณชัยยา ศรีวิเศษ,RPMX
1217350578,บริษัท สินทรัพย์ก้าวหน้า จำกัด,RPMX
1217350709,บริษัท ยันม่าร์ เอส.พี.จำกัด,RPMX
1217351176,จรวยพร พัฒนเศรษฐานนท์,RPMX
1217352724,บริษัท โรงพยาบาลไทยจักษุ จำกัด,RPMX
1217356825,บริษัท แกรนด์สปอร์ต กรุ๊ป จำกัด(สำนักงานใหญ่),RPMX
1217358158,บริษัท โซลูชั่นเอส จํากัด,RPMX
1217359654,บริษัท เอส เอ็ม แม๊ก จำกัด,RPMX
1217365279,จอนนี่ จอนนี่,RPMX
1217368962,บริษัท ยักษ์ โฮสเทส จำกัด,RPMX
1217369436,บริษัท เอส พี พี อินดัสเตรียลรับเบอร์ จำกัด,RPMX
1217369437,บริษัท พีเอ็ม เดคคอร์ จำกัด,RPMX
1217369438,บริษัท ยู.พี.ยู เยนเนอรัล เบลติ้ง จำกัด,RPMX
1217369439,บริษัท เมก้า เซฟเวอร์ เอ็นจีเนียริ่ง แอนด์ ซัพพลาย จำกัด (แผนกบัญชี),RPMX
1217369440,บริษัท นำเข้าต่างด้าวมาทำงานในประเทศเฟมไลน์เลเบอร์ จำกัด,RPMX
1217369441,บริษัท แอดวานซ์ บิสซิเนส โซลูชั่น แอนด์ เวอร์วิสเซส จำกัด,RPMX
1217369443,บริษัท ซี.อาร์.มูฟ จำกัด,RPMX
1217369444,บริษัท เค.เอ็ม.จี.การ์เม้นท์ จำกัด,RPMX
1217369445,บริษัท ซิพโลหะกิจ (1993) จำกัด,RPMX
1217369447,ปนัดดา วิจัยกุล,RPMX
1217369448,บริษัท9 ออกัส (1979) คอร์ปอเรชั่น จำกัด (แผนกบัญชี),RPMX
1217369449,บริษัท ศรีไทย ซันโค จำกัด,RPMX
1217369450,บริษัท พี.เอ็ม.ณัฐกร 2555 จำกัด,RPMX
1217369451,บริษัท อินฟินิท เทคโนโลยี คอร์ปอเรชั่น จำกัด,RPMX
1217369454,บริษัท ชัยการช่าง เซ็ทติ้งแอนด์เซอร์วิส จำกัด (แผนกบัญชี),RPMX
1217370958,บริษัท สามัคคีผลิตภัณฑ์คอนกรีต จำกัด,RPMX
1217370960,ชาญชัย,RPMX
1217370961,บริษัท สเตป โซลูชั่นส์ จำกัด,RPMX
1217370962,คุณมานะชัย,RPMX
1217371003,บริษัท ไทร วัน อินดัสทรี้ (ไทยแลนด์) จำกัด,RPMX
1217371004,บริษัท ก.กิจรุ่งเรือง เอ็นจิเนียริ่ง จำกัด,RPMX
1217371005,หจก.ดำรงค์ทรัพย์ทวี,RPMX
1217371006,บริษัท นัมเบอร์วันแลนด์ จำกัด,RPMX
1217371007,บริษัท โปรเจคเตอร์ เอาท์เล็ต จำกัด,RPMX
1217371008,บริษัท ชุมพลอินเตอร์เนชั่นแนลมาร์เก็ตติ้ง จำกัด,RPMX
1217371009,บริษัท วิสและบุตร จำกัด,RPMX
1217371009,บริษัท วิสและบุตร จำกัด สำนักงานใหญ่,RPMX
1217371010,บริษัท ชิโนไทย อีควิปเม้นท์ จำกัด,RPMX
1217371011,หจก.เอส.เอ็น.เอส. อินโนเวชั่น,RPMX
1217371012,บริษัท ไทเกอร์ แพค จำกัด,RPMX
1217371014,บริษัท สุทอง แมชชีนเนอรี่ จำกัด,RPMX
1217371015,คุณเป็ด,RPMX
1217371016,คุณภัครเดช พรสิริโชติกุล,RPMX
1217371018,"MS & Consulting (THAILAND) CO.,LTD.",RPMX
1217371019,คุณวันทนีย์,RPMX
1217371020,คุณตุ๊ก,RPMX
1217371021,บริษัท พี.ซี. พลาส แมชชีนเนอร์รี่ จำกัด,RPMX
1217371022,คุณแป้น,RPMX
1217371024,หจก.พาวเวอร์มูฟ แอนด์ เทรดดิ้ง,RPMX
1217371025,บริษัท มิสเตอร์ทอม เอ็นจิเนียริง จำกัด,RPMX
1217371026,บริษัท ภาวิน เอ็นจิเนียริ่ง จำกัด,RPMX
1217371027,บริษัท นำคนต่างด้าวมาทำงานในประเทศเท็นไมล์เลเบอร์กรุ๊ป (ประเทศไทย) จำกัด,RPMX
1217371028,บริษัท เอส บี สยาม จำกัด,RPMX
1217371029,นางสาวโสภี เชื้อสาร,RPMX
1217371030,บริษัท ตะวันทองไทย จำกัด,RPMX
1217371031,บริษัท เบลเยี่ยม อินดัสเทรียล จำกัด,RPMX
1217371032,บริษัท ซี.เอ็น.ที.พี แอสโซซิเอท จำกัด,RPMX
1217371034,บริษัท ซัคเซส สแควร์ จำกัด,RPMX
1217371035,บริษัท ไอ.อี. เทคโนโลยี จำกัด,RPMX
1217373201,คุณ ชัยวิชิต เจริญสุข,RPMX
1217373216,ณัฐวรรธน์ ธนาเจริญวานิช,RPMX
1217374985,บริษัท สเก็ตเชอร์ส(ไทยแลนด์) จำกัด,RPMX
1217375080,บริษัท ไปรษณีย์ไทย จำกัด,RPMX
1217375080,ไปรษณีย์ไทย จำกัด สำนักงานใหญ่,RPMX
1217375532,บริษัท คลูเบอร์ ลูบริเคชั่น (ประเทศไทย) จำกัด,RPMX
1217375837,คุณต้อย,RPMX
1217375838,ห้างหุ้นส่วนสามัญ สโมสรแบดมินตัน เอฟ วาย ซี,RPMX
1217375840,"I-Comm Avenu (Thailand) Co.,Ltd.",RPMX
1217375841,บริษัท เหลืองรัศมี จำกัด,RPMX
1217375842,บมจ. ตลาดสัญญาซื้อขายล่วงหน้า (ประเทศไทย,RPMX
1217375842,บมจ. ตลาดสัญญาซื้อขายล่วงหน้า (ประเทศไทย),RPMX
1217375855,คุณแชมป์,RPMX
1217375857,บจก.นัดกับณัฐ,RPMX
1217375868,บริษัท สเต๊าฟ์ (ไทยแลนด์) จํากัด,RPMX
1217375870,บริษัท ออโตเฟล็กซิเบิ้ล แอดวานซ์ เอ็นจิเนียริ่ง จํากัด,RPMX
1217375874,บริษัท เอส เค มอเตอร์ เซอร์วิส แอนด์ ดีซี จํากัด,RPMX
1217375875,บริษัท เอสเอฟ ดีเวลอปเม้นท์ จำกัด,RPMX
1217375876,บริษัท เบ็กซ์ซิส จำกัด,RPMX
1217375883,โสภณ บูรพาณิชกุล,RPMX
1217375887,บริษัท ซีเอ็นซี โบร จำกัด (สำนักงานใหญ่),RPMX
1217375888,บริษัท เอฟ.เอ็ม.จี.อินดัสทรี จำกัด,RPMX
1217375890,Macquarie Securities (Thailand) Limited,RPMX
1217375891,บริษัท โกลเด้น ไทรแองเกิ้ล ออโต้ จํากัด,RPMX
1217375893,บริษัท เอ็นอีซี คอร์ปอเรชั่น (ประเทศไทย) จำกัด,RPMX
1217375898,คุณภสรากร ภสราพล,RPMX
1217375899,คุณภสรากร ภสราพล,RPMX
1217375900,บริษัท ลลิล พร็อพเพอร์ตี้ จำกัด (มหาชน),RPMX
1217375906,บริษัท ออลล์ อินสไปร์ ดีเวลลอปเม้นท์ จำกัด (มหาชน),RPMX
1217375907,บริษัท เจติยาพร็อพเพอร์ตี้ จำกัด,RPMX
1217375918,Keaes Language & Tutorial School,RPMX
1217375919,จิตราพร มุลคุตร,RPMX
1217375975,บริษัท เฟิร์ส แสควร์ จำกัด,RPMX
1217376390,บริษัท ซีพีรีเทลลิงค์ จำกัด สำนักงานใหญ่,RPMX
1217376914,บริษัท เดอะ ซีเคร็ต ฟาร์ม จำกัด,RPMX
1217377784,บริษัท ศรีทองพาณิชย์ จํากัด,RPMX
1217377798,"the flowrich corporation co., ltd.",RPMX
1217377815,ทิพย์,RPMX
1217379306,บริษัท พรีเมียร์ พลัส ทราเวล จำกัด,RPMX
1216956767,บริษัท ซี เอ็น อาร์ โปรเฟสชั่นนัล มูฟเวอร์ จำกัด,RPMX
1217363380,บริษัท ส.ไทยสงวนอุปกรณ์การพิมพ์ จำกัด,RPMX
1120205,บริษัท โฟร์ดี อี.เอ็ม.จํากัด,RPMX
1120688,บริษัท โอ จี เอ อินเตอร์เนชั่นแนล จำกัด,RPMX
1122046,บริษัท แอร์โรเฟลกซ์ จำกัด,RPMX
1124309,บริษัท เอเอ็มซี เมดดิคอล ซัพพลาย จํากัด,RPMX
1130546,บริษัท สปีดเวย์ โรลเลอร์ แอนด์ คอนเวเยอร์ จํากัด,RPMX
113113195,หจก.โพคนปั้น,RPMX
113115841,บริษัท เอ็นซี กรุ๊ป (ไทยแลนด์) จำกัด,RPMX
113115841,บริษัท เอ็นซี กรุ๊ป (ไทยแลนด์) จำกัด สำนักงานใหญ่,RPMX
113119075,บริษัท ออลล่า จํากัด (มหาชน),RPMX
113125165,บริษัท บางกอกการม่าน 788 จำกัด,RPMX
1216901205,บริษัท ทรีไวส มังกี้ส์ จำกัด,RPMX
1216905794,บริษัท เอสเตลล่า คลินิค จำกัด,RPMX
1216910876,บริษัท สตาร์ แมคคาทรอนิค จำกัด,RPMX
1216910876,บริษัท สตาร์ แมคคาทรอนิค จำกัด,RPMX
1216922457,บริษัท ออโต้เกท เทคโนโลยี จำกัด,RPMX
1216932056,บริษัท ฟิงเกอร์ สแกน ซิสเต็ม แอนด์ เทคโนโลยี จํากัด,RPMX
1216934173,บริษัท ไอเมคคานิคส์ จํากัด,RPMX
1216934266,บริษัท มอเตอร์789 จำกัด,RPMX
1216934559,บริษัท น่ำแซ เทรดดิ้ง จํากัด,RPMX
1216947074,บริษัท พีเค ไลท์ติ้ง แอนด์ ซาวด์ จํากัด,RPMX
1216947782,บริษัท วิวัฒนา มูฟวิ่ง จำกัด,RPMX
1216948789,บริษัท พรีมา แคร์ มาร์เก็ตติ้ง จำกัด,RPMX
1216950663,บริษัท แสงเจริญ ฮอทดิพ กัลวาไนซ์ จำกัด,RPMX
1216952386,บริษัท มาร์เวล เทคโนโลยี จำกัด,RPMX
1216953973,บริษัท ดิจิตอล โอเอ จํากัด,RPMX
1216955307,บริษัท จีไลน์ บิวดิ้ง กรุ๊ป จํากัด,RPMX
1216957071,บริษัท ดีแบค (ประเทศไทย) จำกัด,RPMX
1216958063,บจก.สยาม เซมิตซึ,RPMX
1216958742,บริษัท คอสมาแคร์ กรุ๊ป จำกัด,RPMX
1216958864,บริษัท โกลว์ แลนด์สเคป จำกัด,RPMX
1216960192,บริษัท กุศมัย แบมบู จำกัด,RPMX
1216961417,ห้างหุ้นส่วนจำกัด สุวภูมิ รังษี 2006,RPMX
1216961723,บริษัท พีเอส เน็ต จำกัด,RPMX
1216962566,บริษัท มิตซูต้า (ประเทศไทย) จำกัด,RPMX
1216962995,บริษัท มุลเลอร์ แมคคานิค จํากัด,RPMX
1216968120,บริษัท ยูโร ร็อทไอร์ออน จำกัด,RPMX
1216968456,บริษัท พี ไว จำกัด,RPMX
1216969062,บริษัท ท็อป ซีเคร็ต ด็อกคิวเมนท์ ดิสทรัคชั่น จํากัด,RPMX
1216977816,บริษัท ออโตควิพ เอ็นจิเนียริ่ง จํากัด,RPMX
1216978138,บริษัท เค.เอส.วู้ด จำกัด,RPMX
1216978918,บริษัท เอ็ม-เซเว่น (ประเทศไทย) จำกัด,RPMX
1216979981,บริษัท สมาร์ท แมททีเรียล แอนด์ เซอร์วิส จํากัด,RPMX
1216982197,บริษัท อัลลอยอินดัสทรี จํากัด,RPMX
1216983655,บริษัท เอสที เฟอร์ทิลิตี้ จํากัด,RPMX
1216986768,บริษัท ด็อกคิวซีส (ไทยเเลนด์) จำกัด,RPMX
1216988513,บริษัท โฮเต็ล มาร์ท กรุ๊ป จำกัด,RPMX
1216989856,บริษัท พีพี เกรท โซลูชั่น จำกัด,RPMX
1216993552,บริษัท เอ็นเนอร์ยี่ เซฟวื่ง โซโลชั่น จํากัด,RPMX
1217000726,บริษัท สหภัณฑ์ กรุ๊ป (ประเทศไทย) จํากัด,RPMX
1217005359,บริษัท ปทุมธานี เฟนซ์ เฮ้าส์ จํากัด,RPMX
1217015675,บริษัท วีเคพี กรุ๊ป จํากัด,RPMX
1217027032,บริษัท ทราเวลเซ็นเตอร์แอนด์เลเชอร์ จำกัด,RPMX
1217052126,บริษัท เฉียนจี้เครื่องจักรกล จำกัด,RPMX
1217062971,บริษัท อีเอสบี วัน จํากัด,RPMX
1217073327,บริษัทเพ็ทแฟรนด์ลี่จำกัด,RPMX
1217074275,บริษัท สัจธรรมกฎหมายและนักสืบ จำกัด,RPMX
1217086640,ห้างหุ้นส่วนจำกัด ศิวกร ไฮดรอลิค,RPMX
1217096094,บริษัท บายนาว จำกัด,RPMX
1217098258,บริษัท สยาม แอ็ดวานซ์ เทค เทคโนโลยี จํากัด,RPMX
1217119812,โรงพยาบาลบางมด,RPMX
1217121567,บริษัท สไมล์ คอนสตรัคชั่น สตีล 2013 จำกัด,RPMX
1217124911,บริษัท บีเอ็นบี โพรเกรส จํากัด,RPMX
1217128329,ห้างหุ้นส่วนจำกัด บิวตี้ คัมพลีท แมนูแฟคเตอร์,RPMX
1217130629,บริษัท ทรงธรรมเครน แมชชีนเนอรี จำกัด(สำนักงานใหญ่),RPMX
1217131867,หจก.ศิริกุล เอ็นจิเนียริ่ง,RPMX
1217134209,บริษัท มาแจ๊สติก แทรเวล อินเตอร์เนชั่นแนล จำกัด,RPMX
1217136990,บริษัท อัญชลีกรอบรูป จํากัด,RPMX
1217150170,บริษัท เบอร์ลิน เยอรมนี อิมพอร์ท จำกัด,RPMX
1217156454,บจก.เคเอ็ม ชัตเตอร์ แอนด์ คอนสตรัคชั่น,RPMX
1217156923,บริษัท สหภัณฑ์ กรุ๊ป (ประเทศไทย) จํากัด,RPMX
1217165020,บริษัท เฟิร์สคลาส เพส คอนโทรล จำกัด,RPMX
1217169245,บริษัท ดับเบิ้ล ไพน์ จํากัด,RPMX
1217171872,บริษัท วัสดุนิยม จำกัด,RPMX
1217176254,บริษัท ไทยเมคคานิคส์ ซีสเต็ม จํากัด,RPMX
1217179242,บริษัท สยาม ซีพี อินเตอร์เทรด จำกัด,RPMX
1217187146,บริษัท ฮาร์ลีย์ เอสที แฮร์ เซ็นเตอร์ จำกัด,RPMX
1217189293,บริษัท เอฟพีซี อินเตอร์ซัพพลาย จํากัด,RPMX
1217189489,บริษัท นันท์ชนา การบัญชีและที่ปรึกษา จํากัด,RPMX
1217191836,บริษัท ซีบร้าอินเตอร์เนชั่นแนลมูบเวอร์แอนด์โลจิสติกส์ จำกัด,RPMX
1217194998,บริษัท สามวา จํากัด,RPMX
1217195867,บริษัท สยามเทค กรุ๊ป 999 จำกัด,RPMX
1217201741,บริษัท นําคนต่างด้าวมาทํางานในประเทศ เดอะ เฟิร์ส กูดแมน กรุ๊ป จํากัด,RPMX
1217206618,บริษัท เฟรนส์ โอเอ เซ็นเตอร์ จำกัด,RPMX
1217210254,บริษัท พี สตาร์ กรุ๊ป จํากัด,RPMX
1217213881,บริษัท รักษาความปลอดภัย เอ็มจีจี อินเตอร์ จำกัด,RPMX
1217215931,บริษัท เอเชียเพสท์ เซอร์วิส จำกัด,RPMX
1217236766,บริษัท โทนัน อาเชีย ออโต้เทค จํากัด,RPMX
1217252233,บริษัท สลิส (ประเทศไทย) จํากัด,RPMX
1217259276,บริษัท พีเอ็มแอล ฟาร์มาซูติคอล จำกัด,RPMX
1217307498,บริษัท มาเบล กรุ๊ป จำกัด,RPMX
1217308278,บริษัท โอเมก้า ดิชวอชเชอร์ (ประเทศไทย) จำกัด,RPMX
1217312588,เวิลด์ เอ็นจิเนียริ่ง เซอร์วิส แอนด์ ซัพพลาย บจก.,RPMX
1217314413,บริษัท อีไอซีเอส บิสซิเนส จำกัด,RPMX
1217315178,บริษัท ไดอิชิ วิศวกรรม จํากัด,RPMX
1217325506,บริษัท มารวย เรียลเอสเตท จำกัด,RPMX
1217327064,บริษัท มารวยเครน เซอร์วิส จํากัด,RPMX
1217338207,บริษัท นอร์เด้น (ประเทศไทย) จำกัด,RPMX
1217341033,บริษัท พีโอเอฟ แปซิฟิค จำกัด,RPMX
1217342182,บริษัท เอ็มดี วีซ่า โซลูชั่น จำกัด,RPMX
1217342517,บริษัท โปรแอคทีฟ มาร์เก็ตติ้ง จำกัด,RPMX
1217342700,บริษัท ซีอาร์ เอเซีย (ประเทศไทย) จํากัด,RPMX
1217344212,บริษัท ปาร์ค ทรานสปอร์ต จํากัด,RPMX
1217344690,บริษัทอัญญา ดีไซน์ จํากัด,RPMX
1217347006,บริษัท ไลค์ ออเดอร์ จำกัด,RPMX
1217347682,บริษัท เอพีเอส ไพรวิเลจ (ประเทศไทย) จำกัด,RPMX
1217350228,"the flowrich corporation co., ltd.",RPMX
1217351627,ห้างหุ้นส่วนจํากัด ที.บี.เอ็น สตาร์ คอนสตรัคชั่น,RPMX
1217352442,บริษัท เล็ทส์โกเวิลด์ไวด์ จํากัด,RPMX
1217353345,บริษัท สยาม เวลดิ้ง เทคโนโลยี จํากัด,RPMX
1217354680,วี.อาร์.คอมพาส บจก.,RPMX
1217354739,บริษัท นิมิตดี 2538 จำกัด,RPMX
1217356936,บริษัท เออเบิ้น แลนด์ ดีเวลลอปเม้นท์ จำกัด,RPMX
1217361551,ห้างหุ้นส่วนสามัญนิติบุคคล โฟร์ ที. โฮลดิ้ง,RPMX
1217361743,บริษัท เมอร์ค จำกัด,RPMX
1217364493,"the urban office co.,ltd.",RPMX
1217371497,บริษัท สุพรรณยนตการ เทรดดิ้ง จำกัด,RPMX
1217375852,โรงแรม ดีวาน่า พลาซ่า ภูเก็ต ป่าตอง,RPMX
1217375854,"Quality Inn Co., Ltd, a Thai company,as owner of Sheraton Grande Sukhumvit",RPMX
1217375859,บริษัท เควิซ โซลูชั่น จำกัด,RPMX
1217375860,บริษัท เชียร์แล็บ จำกัด,RPMX
1217375863,บริษัท เอส.ซี.เรดิโอ อินเตอร์คอมมูนิเคชั่น จำกัด,RPMX
1217375864,บริษัท อินสตรอน (ประเทศไทย) จํากัด,RPMX
1217375865,บริษัท เนเชอรัล เอ็นเนอร์ยี เทค จํากัด,RPMX
1217375866,บริษัท ซีเอ แอนด์ เอฟ การ์เม้นท์ จํากัด,RPMX
1217375871,บริษัท ไทยเน็ต (ประเทศไทย) จํากัด,RPMX
1217375873,บริษัท นําคนต่างด้าวมาทํางานในประเทศอราวัลย์ 45 จํากัด,RPMX
1217375881,บริษัท อินเตอร์มาร์ค บิสซิเนส จำกัด,RPMX
1217375886,บริษัท สมบูรณ์ถาวร ฟาร์มาซี (ประเทศไทย) จํากัด,RPMX
1217375896,บริษัท เดอะ แกลเลอรี่ บีชฟรอนท์ คอนโดมิเนียม จำกัด,RPMX
1217375897,บริษัท สมาร์ท สกรีน (ประเทศไทย) จำกัด,RPMX
1217375901,บริษัท เดอะ ซันซิตี้ จํากัด,RPMX
1217188634,บริษัท ลลิล พร็อพเพอร์ตี้ จำกัด (มหาชน),RPMX